Workbook

Sheet Clean Data
A1: § | B1: Admission Date | C1: Season | D1: Age | E1: Gender | F1: Region | G1: Primary Diagnosis | H1: Comorbidities Count | I1: Length Of Stay | J1: Treatment Type | K1: Medications Count | L1: Followup Visits Last Year | M1: Prev Readmissions | N1: Insurance Type | O1: Discharge Disposition | P1: Readmission Risk Score | Q1: Label | R1: Age Group | S1: Admission Month | T1: Admission Year | U1: Readmission Risk Category | V1: Frequent Patient Flag
A2: P00001 | B2: 44665 | C2: Spring | D2: 66 | E2: Male | F2: South | G2: Diabetes | H2: 5 | I2: 6 | J2: Interventional | K2: 8 | L2: 6 | M2: 1 | N2: Medicare | O2: Home Health | P2: 0.92 | Q2: 1 | R2: =IF(D2<18,"CHILD",IF(D2<40,"YOUNG ADULT",IF(D2<65,"ADULT","SENIOR"))) -> SENIOR | S2: =TEXT(B2,"MMM") -> Apr | T2: =YEAR(B2) -> 2022 | U2: =IF(P2<0.3,"Low",IF(P2<0.7,"Medium","High")) -> High | V2: =IF(M2>=3,"Frequent","Normal") -> Normal
A3: P00002 | B3: 44458 | C3: Fall | D3: 55 | E3: Male | F3: South | G3: Diabetes | H3: 4 | I3: 6 | J3: Interventional | K3: 6 | L3: 4 | M3: 3 | N3: Private | O3: Home Health | P3: 0.88 | Q3: 1 | R3: =IF(D3<18,"CHILD",IF(D3<40,"YOUNG ADULT",IF(D3<65,"ADULT","SENIOR"))) -> ADULT | S3: =TEXT(B3,"MMM") -> Sep | T3: =YEAR(B3) -> 2021 | U3: =IF(P3<0.3,"Low",IF(P3<0.7,"Medium","High")) -> High | V3: =IF(M3>=3,"Frequent","Normal") -> Frequent
A4: P00003 | B4: 45028 | C4: Spring | D4: 69 | E4: Female | F4: West | G4: Hypertension | H4: 6 | I4: 8 | J4: Medical | K4: 9 | L4: 6 | M4: 2 | N4: Medicare | O4: Skilled Nursing | P4: 0.97 | Q4: 1 | R4: =IF(D4<18,"CHILD",IF(D4<40,"YOUNG ADULT",IF(D4<65,"ADULT","SENIOR"))) -> SENIOR | S4: =TEXT(B4,"MMM") -> Apr | T4: =YEAR(B4) -> 2023 | U4: =IF(P4<0.3,"Low",IF(P4<0.7,"Medium","High")) -> High | V4: =IF(M4>=3,"Frequent","Normal") -> Normal
A5: P00004 | B5: 45152 | C5: Summer | D5: 83 | E5: Male | F5: South | G5: Stroke | H5: 6 | I5: 11 | J5: Medical | K5: 11 | L5: 4 | M5: 2 | N5: Medicare | O5: Skilled Nursing | P5: 0.97 | Q5: 1 | R5: =IF(D5<18,"CHILD",IF(D5<40,"YOUNG ADULT",IF(D5<65,"ADULT","SENIOR"))) -> SENIOR | S5: =TEXT(B5,"MMM") -> Aug | T5: =YEAR(B5) -> 2023 | U5: =IF(P5<0.3,"Low",IF(P5<0.7,"Medium","High")) -> High | V5: =IF(M5>=3,"Frequent","Normal") -> Normal
A6: P00005 | B6: 44505 | C6: Fall | D6: 54 | E6: Female | F6: North | G6: Stroke | H6: 4 | I6: 10 | J6: Medical | K6: 6 | L6: 2 | M6: 1 | N6: Uninsured | O6: Home Health | P6: 0.83 | Q6: 1 | R6: =IF(D6<18,"CHILD",IF(D6<40,"YOUNG ADULT",IF(D6<65,"ADULT","SENIOR"))) -> ADULT | S6: =TEXT(B6,"MMM") -> Nov | T6: =YEAR(B6) -> 2021 | U6: =IF(P6<0.3,"Low",IF(P6<0.7,"Medium","High")) -> High | V6: =IF(M6>=3,"Frequent","Normal") -> Normal
A7: P00006 | B7: 44301 | C7: Spring | D7: 54 | E7: Female | F7: South | G7: Diabetes | H7: 5 | I7: 6 | J7: Medical | K7: 8 | L7: 4 | M7: 1 | N7: Uninsured | O7: Home Health | P7: 0.75 | Q7: 1 | R7: =IF(D7<18,"CHILD",IF(D7<40,"YOUNG ADULT",IF(D7<65,"ADULT","SENIOR"))) -> ADULT | S7: =TEXT(B7,"MMM") -> Apr | T7: =YEAR(B7) -> 2021 | U7: =IF(P7<0.3,"Low",IF(P7<0.7,"Medium","High")) -> High | V7: =IF(M7>=3,"Frequent","Normal") -> Normal
A8: P00007 | B8: 44474 | C8: Fall | D8: 84 | E8: Female | F8: West | G8: Fracture | H8: 7 | I8: 10 | J8: Surgical | K8: 12 | L8: 6 | M8: 3 | N8: Medicare | O8: Skilled Nursing | P8: 0.97 | Q8: 1 | R8: =IF(D8<18,"CHILD",IF(D8<40,"YOUNG ADULT",IF(D8<65,"ADULT","SENIOR"))) -> SENIOR | S8: =TEXT(B8,"MMM") -> Oct | T8: =YEAR(B8) -> 2021 | U8: =IF(P8<0.3,"Low",IF(P8<0.7,"Medium","High")) -> High | V8: =IF(M8>=3,"Frequent","Normal") -> Frequent
A9: P00008 | B9: 44310 | C9: Spring | D9: 71 | E9: Female | F9: South | G9: Appendicitis | H9: 5 | I9: 7 | J9: Medical | K9: 8 | L9: 7 | M9: 2 | N9: Medicare | O9: Home Health | P9: 0.97 | Q9: 1 | R9: =IF(D9<18,"CHILD",IF(D9<40,"YOUNG ADULT",IF(D9<65,"ADULT","SENIOR"))) -> SENIOR | S9: =TEXT(B9,"MMM") -> Apr | T9: =YEAR(B9) -> 2021 | U9: =IF(P9<0.3,"Low",IF(P9<0.7,"Medium","High")) -> High | V9: =IF(M9>=3,"Frequent","Normal") -> Normal
A10: P00009 | B10: 44550 | C10: Winter | D10: 50 | E10: Female | F10: East | G10: Hypertension | H10: 3 | I10: 6 | J10: Interventional | K10: 4 | L10: 2 | M10: 1 | N10: Private | O10: Home Health | P10: 0.46 | Q10: 0 | R10: =IF(D10<18,"CHILD",IF(D10<40,"YOUNG ADULT",IF(D10<65,"ADULT","SENIOR"))) -> ADULT | S10: =TEXT(B10,"MMM") -> Dec | T10: =YEAR(B10) -> 2021 | U10: =IF(P10<0.3,"Low",IF(P10<0.7,"Medium","High")) -> Medium | V10: =IF(M10>=3,"Frequent","Normal") -> Normal
A11: P00010 | B11: 44786 | C11: Summer | D11: 67 | E11: Male | F11: West | G11: Hypertension | H11: 6 | I11: 5 | J11: Medical | K11: 10 | L11: 4 | M11: 2 | N11: Medicare | O11: Skilled Nursing | P11: 0.97 | Q11: 1 | R11: =IF(D11<18,"CHILD",IF(D11<40,"YOUNG ADULT",IF(D11<65,"ADULT","SENIOR"))) -> SENIOR | S11: =TEXT(B11,"MMM") -> Aug | T11: =YEAR(B11) -> 2022 | U11: =IF(P11<0.3,"Low",IF(P11<0.7,"Medium","High")) -> High | V11: =IF(M11>=3,"Frequent","Normal") -> Normal
A12: P00011 | B12: 45263 | C12: Winter | D12: 50 | E12: Female | F12: West | G12: Sepsis | H12: 3 | I12: 10 | J12: Medical | K12: 6 | L12: 2 | M12: 2 | N12: Private | O12: Home Health | P12: 0.94 | Q12: 1 | R12: =IF(D12<18,"CHILD",IF(D12<40,"YOUNG ADULT",IF(D12<65,"ADULT","SENIOR"))) -> ADULT | S12: =TEXT(B12,"MMM") -> Dec | T12: =YEAR(B12) -> 2023 | U12: =IF(P12<0.3,"Low",IF(P12<0.7,"Medium","High")) -> High | V12: =IF(M12>=3,"Frequent","Normal") -> Normal
A13: P00012 | B13: 44634 | C13: Spring | D13: 50 | E13: Male | F13: Central | G13: Diabetes | H13: 3 | I13: 7 | J13: Surgical | K13: 6 | L13: 4 | M13: 1 | N13: Medicaid | O13: Home Health | P13: 0.51 | Q13: 1 | R13: =IF(D13<18,"CHILD",IF(D13<40,"YOUNG ADULT",IF(D13<65,"ADULT","SENIOR"))) -> ADULT | S13: =TEXT(B13,"MMM") -> Mar | T13: =YEAR(B13) -> 2022 | U13: =IF(P13<0.3,"Low",IF(P13<0.7,"Medium","High")) -> Medium | V13: =IF(M13>=3,"Frequent","Normal") -> Normal
... A8001: P08000 | B8001: 44359 | C8001: Summer | D8001: 93 | E8001: Female | F8001: North | G8001: Kidney Disease | H8001: 7 | I8001: 8 | J8001: Conservative | K8001: 10 | L8001: 6 | M8001: 3 | N8001: Medicare | O8001: Skilled Nursing | P8001: 0.97 | Q8001: 1 | R8001: =IF(D8001<18,"CHILD",IF(D8001<40,"YOUNG ADULT",IF(D8001<65,"ADULT","SENIOR"))) -> SENIOR | S8001: =TEXT(B8001,"MMM") -> Jun | T8001: =YEAR(B8001) -> 2021 | U8001: =IF(P8001<0.3,"Low",IF(P8001<0.7,"Medium","High")) -> High | V8001: =IF(M8001>=3,"Frequent","Normal") -> Frequent

Sheet Dashboard
B1: HOSPITAL READMISSION OVERVIEW
A2: Metric | B2: Total
A3: Total Patients | B3: =COUNTA('Clean Data'!A2:A8001) -> 8000
A4: Avg Length of Stay | B4: =AVERAGE('Clean Data'!I:I) -> 7.789125
A5: Avg Risk Score | B5: =AVERAGE('Clean Data'!P2:P8002) -> 0.7769375
A6: Total Admission | B6: =SUM('Clean Data'!$M$2:$M$8001) -> 12580
A7: Avg Age | B7: =AVERAGE('Clean Data'!$D$2:$D$8001) -> 57.411625

Sheet Pivot Tables
A3: Row Labels | B3: Count of Patient Id | D3: Row Labels | E3: Count of Patient Id | G3: Row Labels | H3: Count of Treatment Type | J3: Row Labels | K3: Count of Patient Id | M3: Row Labels | N3: Count of Patient Id | O3: Sum of Length Of Stay | Q3: Row Labels | R3: Count of Patient Id | T3: Count of Patient Id | U3: Column Labels
A4: Central | B4: 1236 | D4: Fall | E4: 1996 | G4: Appendicitis | H4: 534 | J4: 0.07 | K4: 6 | M4: Conservative | N4: 761 | O4: 5859 | Q4: 18 | R4: 89 | T4: Row Labels | U4: Home | V4: Home Health | W4: Rehab | X4: Skilled Nursing | Y4: Grand Total
A5: East | B5: 1617 | D5: Spring | E5: 1972 | G5: COPD | H5: 952 | J5: 0.11 | K5: 2 | M5: Interventional | N5: 1663 | O5: 13035 | Q5: 19 | R5: 9 | T5: Conservative | U5: 31 | V5: 578 | W5: 1 | X5: 151 | Y5: 761
A6: North | B6: 1523 | D6: Summer | E6: 1991 | G6: Diabetes | H6: 1470 | J6: 0.12 | K6: 9 | M6: Medical | N6: 3588 | O6: 27785 | Q6: 20 | R6: 23 | T6: Interventional | U6: 72 | V6: 1213 | W6: 9 | X6: 369 | Y6: 1663
A7: South | B7: 1993 | D7: Winter | E7: 2041 | G7: Fracture | H7: 434 | J7: 0.14 | K7: 32 | M7: Surgical | N7: 1988 | O7: 15634 | Q7: 21 | R7: 22 | T7: Medical | U7: 138 | V7: 2761 | W7: 26 | X7: 663 | Y7: 3588
A8: West | B8: 1631 | D8: Grand Total | E8: 8000 | G8: Heart Failure | H8: 403 | J8: 0.15 | K8: 10 | M8: Grand Total | N8: 8000 | O8: 62313 | Q8: 22 | R8: 28 | T8: Surgical | U8: 76 | V8: 1513 | W8: 14 | X8: 385 | Y8: 1988
A9: Grand Total | B9: 8000 | G9: Hypertension | H9: 1301 | J9: 0.16 | K9: 7 | Q9: 23 | R9: 20 | T9: Grand Total | U9: 317 | V9: 6065 | W9: 50 | X9: 1568 | Y9: 8000
G10: Influenza | H10: 233 | J10: 0.18 | K10: 53 | Q10: 24 | R10: 34
G11: Kidney Disease | H11: 868 | J11: 0.19 | K11: 11 | Q11: 25 | R11: 28
G12: Pneumonia | H12: 425 | J12: 0.2 | K12: 6 | Q12: 26 | R12: 35
G13: Sepsis | H13: 497 | J13: 0.21 | K13: 3 | Q13: 27 | R13: 39
G14: Stroke | H14: 883 | J14: 0.22 | K14: 45 | Q14: 28 | R14: 39
G15: Grand Total | H15: 8000 | J15: 0.23 | K15: 10 | Q15: 29 | R15: 34
J16: 0.24 | K16: 13 | Q16: 30 | R16: 44
J17: 0.25 | K17: 8 | Q17: 31 | R17: 63
J18: 0.26 | K18: 23 | Q18: 32 | R18: 68
J19: 0.27 | K19: 9 | Q19: 33 | R19: 57
J20: 0.28 | K20: 6 | Q20: 34 | R20: 83
J21: 0.29 | K21: 10 | Q21: 35 | R21: 81
J22: 0.3 | K22: 9 | Q22: 36 | R22: 83
J23: 0.31 | K23: 5 | Q23: 37 | R23: 90
J24: 0.32 | K24: 42 | Q24: 38 | R24: 90
J25: 0.33 | K25: 15 | Q25: 39 | R25: 100
J26: 0.34 | K26: 2 | Q26: 40 | R26: 108
J27: 0.36 | K27: 49 | Q27: 41 | R27: 120
... J81: 0.9 | K81: 76 | Q81: 95 | R81: 120
J82: 0.91 | K82: 59 | Q82: Grand Total | R82: 8000
J83: 0.92 | K83: 74
J84: 0.93 | K84: 100
J85: 0.94 | K85: 49
J86: 0.95 | K86: 56
J87: 0.96 | K87: 60
J88: 0.97 | K88: 3210
J89: Grand Total | K89: 8000

Sheet Raw Data
A1: patient_id,admission_date,season,age,gender,region,primary_diagnosis,comorbidities_count,length_of_stay,treatment_type,medications_count,followup_visits_last_year,prev_readmissions,insurance_type,discharge_disposition,readmission_risk_score,label
A2: P00001,2022-04-14,Spring,66,Male,South,Diabetes,5,6,Interventional,8,6,1,Medicare,Home Health,0.92,1
A3: P00002,2021-09-19,Fall,55,Male,South,Diabetes,4,6,Interventional,6,4,3,Private,Home Health,0.88,1
A4: P00003,2023-04-12,Spring,69,Female,West,Hypertension,6,8,Medical,9,6,2,Medicare,Skilled Nursing,0.97,1
A5: P00004,2023-08-14,Summer,83,Male,South,Stroke,6,11,Medical,11,4,2,Medicare,Skilled Nursing,0.97,1
A6: P00005,2021-11-05,Fall,54,Female,North,Stroke,4,10,Medical,6,2,1,Uninsured,Home Health,0.83,1
A7: P00006,2021-04-15,Spring,54,Female,South,Diabetes,5,6,Medical,8,4,1,Uninsured,Home Health,0.75,1
A8: P00007,2021-10-05,Fall,84,Female,West,Fracture,7,10,Surgical,12,6,3,Medicare,Skilled Nursing,0.97,1
A9: P00008,2021-04-24,Spring,71,Female,South,Appendicitis,5,7,Medical,8,7,2,Medicare,Home Health,0.97,1
A10: P00009,2021-12-20,Winter,50,Female,East,Hypertension,3,6,Interventional,4,2,1,Private,Home Health,0.46,0
A11: P00010,2022-08-13,Summer,67,Male,West,Hypertension,6,5,Medical,10,4,2,Medicare,Skilled Nursing,0.97,1
A12: P00011,2023-12-03,Winter,50,Female,West,Sepsis,3,10,Medical,6,2,2,Private,Home Health,0.94,1
... A8001: P08000,2021-06-12,Summer,93,Female,North,Kidney Disease,7,8,Conservative,10,6,3,Medicare,Skilled Nursing,0.97,1
